,CGA,PT
Final Avg. Fitness,-0.01041517901227777,-0.008627705093739169
Final Avg. Fitness Std,0.07290625308594437,0.06039393565617417
Final Min. Fitness,-0.014199760767818637,-0.014512619635046636
Final Min. Fitness Std,0.09939832537473048,0.10158833744532647
Total Time Taken,1.9063911437988281,3.5463356590270996
Time Taken Std,13.344738006591797,24.8243496131897
Mean Iters to Convergence,3312.0,9136.0
